{"cameraMode":{"drawMode":0,"name":"Shaded","section":"Shading Mode"},"sceneLighting":false,"audioPlay":false,"sceneViewState":{"m_AlwaysRefresh":false,"showFog":true,"showSkybox":false,"showFlares":true,"showImageEffects":true,"showParticleSystems":true,"showVisualEffectGraphs":true,"m_FxEnabled":true},"in2DMode":false,"pivot":{"x":-0.4139137864112854,"y":1.0200661420822144,"z":0.47100621461868288},"rotation":{"x":-0.3508770763874054,"y":-0.021066531538963319,"z":0.00789687130600214,"w":-0.9361599683761597},"size":0.3599179685115814,"orthographic":false}