{"cameraMode":{"drawMode":0,"name":"Shaded","section":"Shading Mode"},"sceneLighting":false,"audioPlay":false,"sceneViewState":{"m_AlwaysRefresh":false,"showFog":true,"showSkybox":false,"showFlares":true,"showImageEffects":true,"showParticleSystems":true,"showVisualEffectGraphs":true,"m_FxEnabled":true},"in2DMode":false,"pivot":{"x":-0.36700010299682619,"y":2.993800163269043,"z":-0.12039995193481446},"rotation":{"x":0.09990514814853668,"y":-0.7580462694168091,"z":0.11915742605924607,"w":0.6336999535560608},"size":12.12435531616211,"orthographic":false}