{"cameraMode":{"drawMode":0,"name":"Shaded","section":"Shading Mode"},"sceneLighting":true,"audioPlay":false,"sceneViewState":{"m_AlwaysRefresh":false,"showFog":true,"showSkybox":true,"showFlares":true,"showImageEffects":true,"showParticleSystems":true,"showVisualEffectGraphs":true,"m_FxEnabled":true},"in2DMode":false,"pivot":{"x":0.5887216329574585,"y":1.5606662034988404,"z":1.7186976671218873},"rotation":{"x":-0.013432969339191914,"y":0.9828329682350159,"z":-0.1667724847793579,"w":-0.07800164073705673},"size":0.4820607304573059,"orthographic":false}