{"cameraMode":{"drawMode":0,"name":"Shaded","section":"Shading Mode"},"sceneLighting":false,"audioPlay":false,"sceneViewState":{"m_AlwaysRefresh":false,"showFog":true,"showSkybox":false,"showFlares":true,"showImageEffects":true,"showParticleSystems":true,"showVisualEffectGraphs":true,"m_FxEnabled":true},"in2DMode":false,"pivot":{"x":0.46506163477897646,"y":-0.21363767981529237,"z":-0.27363401651382449},"rotation":{"x":-0.08272645622491837,"y":-0.8463374376296997,"z":0.13859029114246369,"w":-0.507735550403595},"size":0.7050654292106628,"orthographic":false}